,PERSON_ID,DISPLAY_LAST_COMMA_FIRST,DISPLAY_FIRST_LAST,ROSTERSTATUS,FROM_YEAR,TO_YEAR,PLAYERCODE,TEAM_ID,TEAM_CITY,TEAM_NAME,TEAM_ABBREVIATION,TEAM_CODE,GAMES_PLAYED_FLAG,OTHERLEAGUE_EXPERIENCE_CH
0,203500,"Adams, Steven",Steven Adams,1,2013,2019,steven_adams,1610612760,Oklahoma City,Thunder,OKC,thunder,Y,00
1,1628389,"Adebayo, Bam",Bam Adebayo,1,2017,2019,bam_adebayo,1610612748,Miami,Heat,MIA,heat,Y,00
2,1629061,"Adel, Deng",Deng Adel,1,2018,2019,deng_adel,1610612751,Brooklyn,Nets,BKN,nets,Y,01
3,200746,"Aldridge, LaMarcus",LaMarcus Aldridge,1,2006,2019,lamarcus_aldridge,1610612759,San Antonio,Spurs,SAS,spurs,Y,00
4,1629734,"Alexander, Kyle",Kyle Alexander,1,2019,2019,kyle_alexander,1610612748,Miami,Heat,MIA,heat,N,00
5,1629638,"Alexander-Walker, Nickeil",Nickeil Alexander-Walker,1,2019,2019,nickeil_alexander-walker,1610612740,New Orleans,Pelicans,NOP,pelicans,N,00
6,1628960,"Allen, Grayson",Grayson Allen,1,2018,2019,grayson_allen,1610612763,Memphis,Grizzlies,MEM,grizzlies,Y,01
7,1628386,"Allen, Jarrett",Jarrett Allen,1,2017,2019,jarrett_allen,1610612751,Brooklyn,Nets,BKN,nets,Y,00
8,1628443,"Allen, Kadeem",Kadeem Allen,1,2017,2019,kadeem_allen,1610612752,New York,Knicks,NYK,knicks,Y,01
9,202329,"Aminu, Al-Farouq",Al-Farouq Aminu,1,2010,2019,al-farouq_aminu,1610612753,Orlando,Magic,ORL,magic,Y,00
10,203937,"Anderson, Kyle",Kyle Anderson,1,2014,2019,kyle_anderson,1610612763,Memphis,Grizzlies,MEM,grizzlies,Y,01
11,203507,"Antetokounmpo, Giannis",Giannis Antetokounmpo,1,2013,2019,giannis_antetokounmpo,1610612749,Milwaukee,Bucks,MIL,bucks,Y,00
12,1628961,"Antetokounmpo, Kostas",Kostas Antetokounmpo,1,2018,2019,kostas_antetokounmpo,1610612747,Los Angeles,Lakers,LAL,lakers,Y,01
13,203648,"Antetokounmpo, Thanasis",Thanasis Antetokounmpo,1,2015,2019,thanasis_antetokounmpo,1610612749,Milwaukee,Bucks,MIL,bucks,Y,01
14,1628384,"Anunoby, OG",OG Anunoby,1,2017,2019,og_anunoby,1610612761,Toronto,Raptors,TOR,raptors,Y,00
15,1627853,"Arcidiacono, Ryan",Ryan Arcidiacono,1,2017,2019,ryan_arcidiacono,1610612741,Chicago,Bulls,CHI,bulls,Y,01
16,2772,"Ariza, Trevor",Trevor Ariza,1,2004,2019,trevor_ariza,1610612758,Sacramento,Kings,SAC,kings,Y,00
17,201571,"Augustin, D.J.",D.J. Augustin,1,2008,2019,d.j._augustin,1610612753,Orlando,Magic,ORL,magic,Y,00
18,1629028,"Ayton, Deandre",Deandre Ayton,1,2018,2019,deandre_ayton,1610612756,Phoenix,Suns,PHX,suns,Y,00
19,1628407,"Bacon, Dwayne",Dwayne Bacon,1,2017,2019,dwayne_bacon,1610612766,Charlotte,Hornets,CHA,hornets,Y,01
20,1628963,"Bagley III, Marvin",Marvin Bagley III,1,2018,2019,marvin_bagley_iii,1610612758,Sacramento,Kings,SAC,kings,Y,00
21,1628366,"Ball, Lonzo",Lonzo Ball,1,2017,2019,lonzo_ball,1610612740,New Orleans,Pelicans,NOP,pelicans,Y,00
22,1628964,"Bamba, Mo",Mo Bamba,1,2018,2019,mohamed_bamba,1610612753,Orlando,Magic,ORL,magic,Y,00
23,200826,"Barea, J.J.",J.J. Barea,1,2006,2019,j.j._barea,1610612742,Dallas,Mavericks,DAL,mavericks,Y,01
24,203084,"Barnes, Harrison",Harrison Barnes,1,2012,2019,harrison_barnes,1610612758,Sacramento,Kings,SAC,kings,Y,00
25,1629628,"Barrett, RJ",RJ Barrett,1,2019,2019,rj_barrett,1610612752,New York,Knicks,NYK,knicks,N,00
26,203115,"Barton, Will",Will Barton,1,2012,2019,will_barton,1610612743,Denver,Nuggets,DEN,nuggets,Y,01
27,1628966,"Bates-Diop, Keita",Keita Bates-Diop,1,2018,2019,keita_bates-diop,1610612750,Minnesota,Timberwolves,MIN,timberwolves,Y,01
28,201587,"Batum, Nicolas",Nicolas Batum,1,2008,2019,nicolas_batum,1610612766,Charlotte,Hornets,CHA,hornets,Y,00
29,203382,"Baynes, Aron",Aron Baynes,1,2012,2019,aron_baynes,1610612756,Phoenix,Suns,PHX,suns,Y,01
30,203145,"Bazemore, Kent",Kent Bazemore,1,2012,2019,kent_bazemore,1610612757,Portland,Trail Blazers,POR,blazers,Y,01
31,1629647,"Bazley, Darius",Darius Bazley,1,2019,2019,darius_bazley,1610612760,Oklahoma City,Thunder,OKC,thunder,N,00
32,203078,"Beal, Bradley",Bradley Beal,1,2012,2019,bradley_beal,1610612764,Washington,Wizards,WAS,wizards,Y,00
33,1627736,"Beasley, Malik",Malik Beasley,1,2016,2019,malik_beasley,1610612743,Denver,Nuggets,DEN,nuggets,Y,01
34,201158,"Belinelli, Marco",Marco Belinelli,1,2007,2019,marco_belinelli,1610612759,San Antonio,Spurs,SAS,spurs,Y,00
35,1628395,"Bell, Jordan",Jordan Bell,1,2017,2019,jordan_bell,1610612750,Minnesota,Timberwolves,MIN,timberwolves,Y,01
36,1627761,"Bembry, DeAndre'",DeAndre' Bembry,1,2016,2019,deandre'_bembry,1610612737,Atlanta,Hawks,ATL,hawks,Y,01
37,1627733,"Bender, Dragan",Dragan Bender,1,2016,2019,dragan_bender,1610612749,Milwaukee,Bucks,MIL,bucks,Y,00
38,203461,"Bennett, Anthony",Anthony Bennett,1,2013,2019,anthony_bennett,1610612745,Houston,Rockets,HOU,rockets,Y,01
39,202722,"Bertans, Davis",Davis Bertans,1,2016,2019,davis_bertans,1610612764,Washington,Wizards,WAS,wizards,Y,01
40,201976,"Beverley, Patrick",Patrick Beverley,1,2012,2019,patrick_beverley,1610612746,LA,Clippers,LAC,clippers,Y,01
41,203920,"Birch, Khem",Khem Birch,1,2017,2019,khem_birch,1610612753,Orlando,Magic,ORL,magic,Y,01
42,1629048,"Bitadze, Goga",Goga Bitadze,1,2019,2019,goga_bitadze,1610612754,Indiana,Pacers,IND,pacers,N,00
43,202687,"Biyombo, Bismack",Bismack Biyombo,1,2011,2019,bismack_biyombo,1610612766,Charlotte,Hornets,CHA,hornets,Y,00
44,202357,"Bjelica, Nemanja",Nemanja Bjelica,1,2015,2019,nemanja_bjelica,1610612758,Sacramento,Kings,SAC,kings,Y,00
45,202339,"Bledsoe, Eric",Eric Bledsoe,1,2010,2019,eric_bledsoe,1610612749,Milwaukee,Bucks,MIL,bucks,Y,01
46,203992,"Bogdanovic, Bogdan",Bogdan Bogdanovic,1,2017,2019,bogdan_bogdanovic,1610612758,Sacramento,Kings,SAC,kings,Y,00
47,202711,"Bogdanovic, Bojan",Bojan Bogdanovic,1,2014,2019,bojan_bogdanovic,1610612762,Utah,Jazz,UTA,jazz,Y,00
48,1629626,"Bol, Bol",Bol Bol,1,2019,2019,bol_bol,1610612743,Denver,Nuggets,DEN,nuggets,N,00
49,1628413,"Bolden, Jonah",Jonah Bolden,1,2018,2019,jonah_bolden,1610612755,Philadelphia,76ers,PHI,sixers,Y,01
50,1629648,"Bone, Jordan",Jordan Bone,1,2019,2019,jordan_bone,1610612765,Detroit,Pistons,DET,pistons,N,00
51,1629067,"Bonga, Isaac",Isaac Bonga,1,2018,2019,isaac_bonga,1610612764,Washington,Wizards,WAS,wizards,Y,01
52,1626164,"Booker, Devin",Devin Booker,1,2015,2019,devin_booker,1610612756,Phoenix,Suns,PHX,suns,Y,00
53,1628449,"Boucher, Chris",Chris Boucher,1,2017,2019,chris_boucher,1610612761,Toronto,Raptors,TOR,raptors,Y,01
54,1628968,"Bowen II, Brian",Brian Bowen II,1,2019,2019,brian_bowen_ii,1610612754,Indiana,Pacers,IND,pacers,Y,00
55,1629065,"Bowman, Ky",Ky Bowman,1,2019,2019,ky_bowman,1610612744,Golden State,Warriors,GSW,warriors,N,00
56,202340,"Bradley, Avery",Avery Bradley,1,2010,2019,avery_bradley,1610612747,Los Angeles,Lakers,LAL,lakers,Y,01
57,1628396,"Bradley, Tony",Tony Bradley,1,2017,2019,tony_bradley,1610612762,Utah,Jazz,UTA,jazz,Y,01
58,1629714,"Brantley, Jarrell",Jarrell Brantley,1,2019,2019,jarrell_brantley,1610612762,Utah,Jazz,UTA,jazz,N,00
59,1629649,"Brazdeikis, Ignas",Ignas Brazdeikis,1,2019,2019,ignas_brazdeikis,1610612752,New York,Knicks,NYK,knicks,N,00
60,1628969,"Bridges, Mikal",Mikal Bridges,1,2018,2019,mikal_bridges,1610612756,Phoenix,Suns,PHX,suns,Y,00
61,1628970,"Bridges, Miles",Miles Bridges,1,2018,2019,miles_bridges,1610612766,Charlotte,Hornets,CHA,hornets,Y,00
62,1628578,"Brimah, Amida",Amida Brimah,1,2019,2019,amida_brimah,1610612754,Indiana,Pacers,IND,pacers,Y,01
63,1629052,"Brissett, Oshae",Oshae Brissett,1,2019,2019,oshae_brissett,1610612761,Toronto,Raptors,TOR,raptors,N,00
64,1629151,"Broekhoff, Ryan",Ryan Broekhoff,1,2018,2019,ryan_broekhoff,1610612742,Dallas,Mavericks,DAL,mavericks,Y,00
65,1627763,"Brogdon, Malcolm",Malcolm Brogdon,1,2016,2019,malcolm_brogdon,1610612754,Indiana,Pacers,IND,pacers,Y,00
66,1629717,"Brooks, Armoni",Armoni Brooks,1,2019,2019,armoni_brooks,1610612737,Atlanta,Hawks,ATL,hawks,N,00
67,1628415,"Brooks, Dillon",Dillon Brooks,1,2017,2019,dillon_brooks,1610612763,Memphis,Grizzlies,MEM,grizzlies,Y,00
68,1628971,"Brown, Bruce",Bruce Brown,1,2018,2019,tmp_bruce_brown,1610612765,Detroit,Pistons,DET,pistons,Y,01
69,1629718,"Brown, Charles",Charles Brown,1,2019,2019,charles_brown,1610612737,Atlanta,Hawks,ATL,hawks,N,00
70,1627759,"Brown, Jaylen",Jaylen Brown,1,2016,2019,jaylen_brown,1610612738,Boston,Celtics,BOS,celtics,Y,00
71,1629650,"Brown, Moses",Moses Brown,1,2019,2019,moses_brown,1610612757,Portland,Trail Blazers,POR,blazers,N,00
72,1628425,"Brown, Sterling",Sterling Brown,1,2017,2019,sterling_brown,1610612749,Milwaukee,Bucks,MIL,bucks,Y,01
73,1628972,"Brown Jr., Troy",Troy Brown Jr.,1,2018,2019,troy_brown_jr,1610612764,Washington,Wizards,WAS,wizards,Y,01
74,1628973,"Brunson, Jalen",Jalen Brunson,1,2018,2019,jalen_brunson,1610612742,Dallas,Mavericks,DAL,mavericks,Y,00
75,1628418,"Bryant, Thomas",Thomas Bryant,1,2017,2019,thomas_bryant,1610612764,Washington,Wizards,WAS,wizards,Y,01
76,203493,"Bullock, Reggie",Reggie Bullock,1,2013,2019,reggie_bullock,1610612752,New York,Knicks,NYK,knicks,Y,01
77,203504,"Burke, Trey",Trey Burke,1,2013,2019,trey_burke,1610612755,Philadelphia,76ers,PHI,sixers,Y,01
78,202692,"Burks, Alec",Alec Burks,1,2011,2019,alec_burks,1610612744,Golden State,Warriors,GSW,warriors,Y,01
79,1629126,"Burton, Deonte",Deonte Burton,1,2018,2019,deonte_burton,1610612760,Oklahoma City,Thunder,OKC,thunder,Y,01
80,202710,"Butler, Jimmy",Jimmy Butler,1,2011,2019,jimmy_butler,1610612748,Miami,Heat,MIA,heat,Y,00
81,203998,"Caboclo, Bruno",Bruno Caboclo,1,2014,2019,bruno_caboclo,1610612763,Memphis,Grizzlies,MEM,grizzlies,Y,01
82,1629719,"Cacok, Devontae",Devontae Cacok,1,2019,2019,davontae_cacok,1610612747,Los Angeles,Lakers,LAL,lakers,N,00
83,203484,"Caldwell-Pope, Kentavious",Kentavious Caldwell-Pope,1,2013,2019,kentavious_caldwell-pope,1610612747,Los Angeles,Lakers,LAL,lakers,Y,00
84,1628427,"Cancar, Vlatko",Vlatko Cancar,1,2019,2019,vlatko_cancar,1610612743,Denver,Nuggets,DEN,nuggets,N,00
85,203991,"Capela, Clint",Clint Capela,1,2014,2019,clint_capela,1610612745,Houston,Rockets,HOU,rockets,Y,01
86,1629696,"Caroline, Jordan",Jordan Caroline,1,2019,2019,jordan_caroline,1610612747,Los Angeles,Lakers,LAL,lakers,N,00
87,201960,"Carroll, DeMarre",DeMarre Carroll,1,2009,2019,demarre_carroll,1610612759,San Antonio,Spurs,SAS,spurs,Y,01
88,1628975,"Carter, Jevon",Jevon Carter,1,2018,2019,jevon_carter,1610612756,Phoenix,Suns,PHX,suns,Y,01
89,1628976,"Carter Jr., Wendell",Wendell Carter Jr.,1,2018,2019,wendell_carter_jr,1610612741,Chicago,Bulls,CHI,bulls,Y,00
90,203487,"Carter-Williams, Michael",Michael Carter-Williams,1,2013,2019,michael_carter-williams,1610612753,Orlando,Magic,ORL,magic,Y,00
91,1627936,"Caruso, Alex",Alex Caruso,1,2017,2019,alex_caruso,1610612747,Los Angeles,Lakers,LAL,lakers,Y,01
92,1626161,"Cauley-Stein, Willie",Willie Cauley-Stein,1,2015,2019,willie_cauley-stein,1610612744,Golden State,Warriors,GSW,warriors,Y,00
93,1628505,"Caupain, Troy",Troy Caupain,1,2018,2019,troy_caupain,1610612757,Portland,Trail Blazers,POR,blazers,Y,01
94,2199,"Chandler, Tyson",Tyson Chandler,1,2001,2019,tyson_chandler,1610612745,Houston,Rockets,HOU,rockets,Y,00
95,201163,"Chandler, Wilson",Wilson Chandler,1,2007,2019,wilson_chandler,1610612751,Brooklyn,Nets,BKN,nets,Y,00
96,1629147,"Chealey, Joe",Joe Chealey,1,2018,2019,joe_chealey,1610612766,Charlotte,Hornets,CHA,hornets,Y,01
97,1629597,"Cheatham, Zylan",Zylan Cheatham,1,2019,2019,zylan_cheatham,1610612740,New Orleans,Pelicans,NOP,pelicans,N,00
98,1629109,"Clark, Gary",Gary Clark,1,2018,2019,gary_clark,1610612745,Houston,Rockets,HOU,rockets,Y,01
99,1629634,"Clarke, Brandon",Brandon Clarke,1,2019,2019,brandon_clarke,1610612763,Memphis,Grizzlies,MEM,grizzlies,N,00
100,203903,"Clarkson, Jordan",Jordan Clarkson,1,2014,2019,jordan_clarkson,1610612739,Cleveland,Cavaliers,CLE,cavaliers,Y,01
101,1629651,"Claxton, Nicolas",Nicolas Claxton,1,2019,2019,nicolas_claxton,1610612751,Brooklyn,Nets,BKN,nets,N,00
102,1629598,"Clemons, Chris",Chris Clemons,1,2019,2019,chris_clemons,1610612745,Houston,Rockets,HOU,rockets,N,00
103,1628499,"Cleveland, Antonius",Antonius Cleveland,1,2017,2019,antonius_cleveland,1610612742,Dallas,Mavericks,DAL,mavericks,Y,01
104,1629599,"Coffey, Amir",Amir Coffey,1,2019,2019,amir_coffey,1610612746,LA,Clippers,LAC,clippers,N,00
105,1628381,"Collins, John",John Collins,1,2017,2019,john_collins,1610612737,Atlanta,Hawks,ATL,hawks,Y,00
106,1628380,"Collins, Zach",Zach Collins,1,2017,2019,zach_collins,1610612757,Portland,Trail Blazers,POR,blazers,Y,00
107,201144,"Conley, Mike",Mike Conley,1,2007,2019,mike_conley,1610612762,Utah,Jazz,UTA,jazz,Y,00
108,1626192,"Connaughton, Pat",Pat Connaughton,1,2015,2019,pat_connaughton,1610612749,Milwaukee,Bucks,MIL,bucks,Y,00
109,1626188,"Cook, Quinn",Quinn Cook,1,2016,2019,quinn_cook,1610612747,Los Angeles,Lakers,LAL,lakers,Y,01
110,1629076,"Cook, Tyler",Tyler Cook,1,2019,2019,tyler_cook,1610612743,Denver,Nuggets,DEN,nuggets,N,00
111,202326,"Cousins, DeMarcus",DeMarcus Cousins,1,2010,2019,demarcus_cousins,1610612747,Los Angeles,Lakers,LAL,lakers,Y,00
112,203496,"Covington, Robert",Robert Covington,1,2013,2019,robert_covington,1610612750,Minnesota,Timberwolves,MIN,timberwolves,Y,01
113,203459,"Crabbe, Allen",Allen Crabbe,1,2013,2019,allen_crabbe,1610612737,Atlanta,Hawks,ATL,hawks,Y,01
114,1628470,"Craig, Torrey",Torrey Craig,1,2017,2019,torrey_craig,1610612743,Denver,Nuggets,DEN,nuggets,Y,01
115,203109,"Crowder, Jae",Jae Crowder,1,2012,2019,jae_crowder,1610612763,Memphis,Grizzlies,MEM,grizzlies,Y,01
116,1629633,"Culver, Jarrett",Jarrett Culver,1,2019,2019,jarrett_culver,1610612750,Minnesota,Timberwolves,MIN,timberwolves,N,00
117,203552,"Curry, Seth",Seth Curry,1,2013,2019,seth_curry,1610612742,Dallas,Mavericks,DAL,mavericks,Y,01
118,201939,"Curry, Stephen",Stephen Curry,1,2009,2019,stephen_curry,1610612744,Golden State,Warriors,GSW,warriors,Y,00
119,203584,"Daniels, Troy",Troy Daniels,1,2013,2019,troy_daniels,1610612747,Los Angeles,Lakers,LAL,lakers,Y,01
120,203076,"Davis, Anthony",Anthony Davis,1,2012,2019,anthony_davis,1610612747,Los Angeles,Lakers,LAL,lakers,Y,00
121,202334,"Davis, Ed",Ed Davis,1,2010,2019,ed_davis,1610612762,Utah,Jazz,UTA,jazz,Y,01
122,1629056,"Davis, Terence",Terence Davis,1,2019,2019,terence_davis,1610612761,Toronto,Raptors,TOR,raptors,N,00
123,201942,"DeRozan, DeMar",DeMar DeRozan,1,2009,2019,demar_derozan,1610612759,San Antonio,Spurs,SAS,spurs,Y,00
124,203473,"Dedmon, Dewayne",Dewayne Dedmon,1,2013,2019,dewayne_dedmon,1610612758,Sacramento,Kings,SAC,kings,Y,01
125,203521,"Dellavedova, Matthew",Matthew Dellavedova,1,2013,2019,matthew_dellavedova,1610612739,Cleveland,Cavaliers,CLE,cavaliers,Y,00
126,1629094,"Derrickson, Marcus",Marcus Derrickson,1,2018,2019,marcus_derrickson,1610612737,Atlanta,Hawks,ATL,hawks,Y,01
127,1628978,"DiVincenzo, Donte",Donte DiVincenzo,1,2018,2019,donte_divincenzo,1610612749,Milwaukee,Bucks,MIL,bucks,Y,01
128,1627767,"Diallo, Cheick",Cheick Diallo,1,2016,2019,cheick_diallo,1610612756,Phoenix,Suns,PHX,suns,Y,01
129,1628977,"Diallo, Hamidou",Hamidou Diallo,1,2018,2019,hamidou_diallo,1610612760,Oklahoma City,Thunder,OKC,thunder,Y,01
130,203476,"Dieng, Gorgui",Gorgui Dieng,1,2013,2019,gorgui_dieng,1610612750,Minnesota,Timberwolves,MIN,timberwolves,Y,00
131,203915,"Dinwiddie, Spencer",Spencer Dinwiddie,1,2014,2019,spencer_dinwiddie,1610612751,Brooklyn,Nets,BKN,nets,Y,01
132,1629029,"Doncic, Luka",Luka Doncic,1,2018,2019,luka_don,1610612742,Dallas,Mavericks,DAL,mavericks,Y,00
133,1629652,"Dort, Luguentz",Luguentz Dort,1,2019,2019,luguentz_dort,1610612760,Oklahoma City,Thunder,OKC,thunder,N,00
134,1628422,"Dotson, Damyean",Damyean Dotson,1,2017,2019,damyean_dotson,1610612752,New York,Knicks,NYK,knicks,Y,01
135,1629635,"Doumbouya, Sekou",Sekou Doumbouya,1,2019,2019,sekou_doumbouya,1610612765,Detroit,Pistons,DET,pistons,N,00
136,1628408,"Dozier, PJ",PJ Dozier,1,2017,2019,pj_dozier,1610612743,Denver,Nuggets,DEN,nuggets,Y,01
137,201609,"Dragic, Goran",Goran Dragic,1,2008,2019,goran_dragic,1610612748,Miami,Heat,MIA,heat,Y,00
138,203083,"Drummond, Andre",Andre Drummond,1,2012,2019,andre_drummond,1610612765,Detroit,Pistons,DET,pistons,Y,00
139,201162,"Dudley, Jared",Jared Dudley,1,2007,2019,jared_dudley,1610612747,Los Angeles,Lakers,LAL,lakers,Y,00
140,1627739,"Dunn, Kris",Kris Dunn,1,2016,2019,kris_dunn,1610612741,Chicago,Bulls,CHI,bulls,Y,00
141,201142,"Durant, Kevin",Kevin Durant,1,2007,2019,kevin_durant,1610612751,Brooklyn,Nets,BKN,nets,Y,00
142,1629035,"Edwards, Carsen",Carsen Edwards,1,2019,2019,carsen_edwards,1610612738,Boston,Celtics,BOS,celtics,N,00
143,1627740,"Ellenson, Henry",Henry Ellenson,1,2016,2019,henry_ellenson,1610612751,Brooklyn,Nets,BKN,nets,Y,01
144,201961,"Ellington, Wayne",Wayne Ellington,1,2009,2019,wayne_ellington,1610612752,New York,Knicks,NYK,knicks,Y,00
145,203954,"Embiid, Joel",Joel Embiid,1,2014,2019,joel_embiid,1610612755,Philadelphia,76ers,PHI,sixers,Y,00
146,203516,"Ennis III, James",James Ennis III,1,2014,2019,james_ennis iii,1610612755,Philadelphia,76ers,PHI,sixers,Y,01
147,1629234,"Eubanks, Drew",Drew Eubanks,1,2018,2019,drew_eubanks,1610612759,San Antonio,Spurs,SAS,spurs,Y,01
148,1628980,"Evans, Jacob",Jacob Evans,1,2018,2019,jacob_evans,1610612744,Golden State,Warriors,GSW,warriors,Y,01
149,203957,"Exum, Dante",Dante Exum,1,2014,2019,dante_exum,1610612762,Utah,Jazz,UTA,jazz,Y,00
150,1629605,"Fall, Tacko",Tacko Fall,1,2019,2019,tacko_fall,1610612738,Boston,Celtics,BOS,celtics,N,00
151,202324,"Favors, Derrick",Derrick Favors,1,2010,2019,derrick_favors,1610612740,New Orleans,Pelicans,NOP,pelicans,Y,00
152,1626245,"Felicio, Cristiano",Cristiano Felicio,1,2015,2019,cristiano_felicio,1610612741,Chicago,Bulls,CHI,bulls,Y,01
153,1628390,"Ferguson, Terrance",Terrance Ferguson,1,2017,2019,terrance_ferguson,1610612760,Oklahoma City,Thunder,OKC,thunder,Y,01
154,1628981,"Fernando, Bruno",Bruno Fernando,1,2019,2019,bruno_fernando,1610612737,Atlanta,Hawks,ATL,hawks,N,00
155,1627812,"Ferrell, Yogi",Yogi Ferrell,1,2016,2019,yogi_ferrell,1610612758,Sacramento,Kings,SAC,kings,Y,01
156,1627827,"Finney-Smith, Dorian",Dorian Finney-Smith,1,2016,2019,dorian_finney-smith,1610612742,Dallas,Mavericks,DAL,mavericks,Y,00
157,1627854,"Forbes, Bryn",Bryn Forbes,1,2016,2019,bryn_forbes,1610612759,San Antonio,Spurs,SAS,spurs,Y,01
158,203095,"Fournier, Evan",Evan Fournier,1,2012,2019,evan_fournier,1610612753,Orlando,Magic,ORL,magic,Y,00
159,1628368,"Fox, De'Aaron",De'Aaron Fox,1,2017,2019,de'aaron_fox,1610612758,Sacramento,Kings,SAC,kings,Y,00
160,1629606,"Franks, Robert",Robert Franks,1,2019,2019,robert_franks,1610612766,Charlotte,Hornets,CHA,hornets,N,00
161,1626187,"Frazier, Michael",Michael Frazier,1,2018,2019,michael_frazier,1610612745,Houston,Rockets,HOU,rockets,Y,01
162,204025,"Frazier, Tim",Tim Frazier,1,2014,2019,tim_frazier,1610612765,Detroit,Pistons,DET,pistons,Y,01
163,1628982,"Frazier Jr., Melvin",Melvin Frazier Jr.,1,2018,2019,melvin_frazier_jr,1610612753,Orlando,Magic,ORL,magic,Y,01
164,1628365,"Fultz, Markelle",Markelle Fultz,1,2017,2019,markelle_fultz,1610612753,Orlando,Magic,ORL,magic,Y,00
165,1629117,"Gabriel, Wenyen",Wenyen Gabriel,1,2018,2019,wenyen_gabriel,1610612758,Sacramento,Kings,SAC,kings,Y,01
166,1629655,"Gafford, Daniel",Daniel Gafford,1,2019,2019,daniel_gafford,1610612741,Chicago,Bulls,CHI,bulls,N,00
167,201568,"Gallinari, Danilo",Danilo Gallinari,1,2008,2019,danilo_gallinari,1610612760,Oklahoma City,Thunder,OKC,thunder,Y,00
168,204038,"Galloway, Langston",Langston Galloway,1,2014,2019,langston_galloway,1610612765,Detroit,Pistons,DET,pistons,Y,01
169,1629721,"Gant, JaKeenan",JaKeenan Gant,1,2019,2019,jakeenan_gant,1610612754,Indiana,Pacers,IND,pacers,N,00
170,1629636,"Garland, Darius",Darius Garland,1,2019,2019,darius_garland,1610612739,Cleveland,Cavaliers,CLE,cavaliers,N,00
171,201188,"Gasol, Marc",Marc Gasol,1,2008,2019,marc_gasol,1610612761,Toronto,Raptors,TOR,raptors,Y,00
172,2200,"Gasol, Pau",Pau Gasol,1,2001,2019,pau_gasol,1610612757,Portland,Trail Blazers,POR,blazers,Y,00
173,200752,"Gay, Rudy",Rudy Gay,1,2006,2019,rudy_gay,1610612759,San Antonio,Spurs,SAS,spurs,Y,00
174,202331,"George, Paul",Paul George,1,2010,2019,paul_george,1610612746,LA,Clippers,LAC,clippers,Y,00
175,201959,"Gibson, Taj",Taj Gibson,1,2009,2019,taj_gibson,1610612752,New York,Knicks,NYK,knicks,Y,00
176,1628385,"Giles III, Harry",Harry Giles III,1,2017,2019,harry_giles,1610612758,Sacramento,Kings,SAC,kings,Y,01
177,1628983,"Gilgeous-Alexander, Shai",Shai Gilgeous-Alexander,1,2018,2019,shai_gilgeous-alexander,1610612760,Oklahoma City,Thunder,OKC,thunder,Y,00
178,203497,"Gobert, Rudy",Rudy Gobert,1,2013,2019,rudy_gobert,1610612762,Utah,Jazz,UTA,jazz,Y,01
179,1629164,"Goodwin, Brandon",Brandon Goodwin,1,2018,2019,brandon_goodwin,1610612737,Atlanta,Hawks,ATL,hawks,Y,01
180,203932,"Gordon, Aaron",Aaron Gordon,1,2014,2019,aaron_gordon,1610612753,Orlando,Magic,ORL,magic,Y,00
181,201569,"Gordon, Eric",Eric Gordon,1,2008,2019,eric_gordon,1610612745,Houston,Rockets,HOU,rockets,Y,00
182,1628984,"Graham, Devonte'",Devonte' Graham,1,2018,2019,devonte_graham,1610612766,Charlotte,Hornets,CHA,hornets,Y,01
183,1626203,"Graham, Treveon",Treveon Graham,1,2016,2019,treveon_graham,1610612750,Minnesota,Timberwolves,MIN,timberwolves,Y,01
184,203924,"Grant, Jerami",Jerami Grant,1,2014,2019,jerami_grant,1610612743,Denver,Nuggets,DEN,nuggets,Y,00
185,1629755,"Gravett, Hassani",Hassani Gravett,1,2019,2019,hassani_gravett,1610612753,Orlando,Magic,ORL,magic,N,00
186,1627982,"Gray, Josh",Josh Gray,1,2017,2019,josh_gray,1610612740,New Orleans,Pelicans,NOP,pelicans,Y,01
187,201980,"Green, Danny",Danny Green,1,2009,2019,danny_green,1610612747,Los Angeles,Lakers,LAL,lakers,Y,01
188,203110,"Green, Draymond",Draymond Green,1,2012,2019,draymond_green,1610612744,Golden State,Warriors,GSW,warriors,Y,00
189,101123,"Green, Gerald",Gerald Green,1,2005,2019,gerald_green,1610612745,Houston,Rockets,HOU,rockets,Y,01
190,203210,"Green, JaMychal",JaMychal Green,1,2014,2019,jamychal_green,1610612746,LA,Clippers,LAC,clippers,Y,01
191,1629750,"Green, Javonte",Javonte Green,1,2019,2019,javonte_green,1610612738,Boston,Celtics,BOS,celtics,N,00
192,201145,"Green, Jeff",Jeff Green,1,2007,2019,jeff_green,1610612762,Utah,Jazz,UTA,jazz,Y,00
193,201933,"Griffin, Blake",Blake Griffin,1,2009,2019,blake_griffin,1610612765,Detroit,Pistons,DET,pistons,Y,00
194,1629741,"Guduric, Marko",Marko Guduric,1,2019,2019,marko_guduric,1610612763,Memphis,Grizzlies,MEM,grizzlies,N,00
195,1629657,"Guy, Kyle",Kyle Guy,1,2019,2019,kyle_guy,1610612758,Sacramento,Kings,SAC,kings,N,00
196,1629060,"Hachimura, Rui",Rui Hachimura,1,2019,2019,rui_hachimura,1610612764,Washington,Wizards,WAS,wizards,N,00
197,1628985,"Hall, Devon",Devon Hall,1,2019,2019,devon_hall,1610612760,Oklahoma City,Thunder,OKC,thunder,N,01
198,1628986,"Hands, Jaylen",Jaylen Hands,1,2019,2019,jaylen_hands,1610612751,Brooklyn,Nets,BKN,nets,N,00
199,203501,"Hardaway Jr., Tim",Tim Hardaway Jr.,1,2013,2019,tim_hardaway jr.,1610612742,Dallas,Mavericks,DAL,mavericks,Y,01
200,201935,"Harden, James",James Harden,1,2009,2019,james_harden,1610612745,Houston,Rockets,HOU,rockets,Y,00
201,203090,"Harkless, Maurice",Maurice Harkless,1,2012,2019,maurice_harkless,1610612746,LA,Clippers,LAC,clippers,Y,00
202,1626149,"Harrell, Montrezl",Montrezl Harrell,1,2015,2019,montrezl_harrell,1610612746,LA,Clippers,LAC,clippers,Y,01
203,203914,"Harris, Gary",Gary Harris,1,2014,2019,gary_harris,1610612743,Denver,Nuggets,DEN,nuggets,Y,00
204,203925,"Harris, Joe",Joe Harris,1,2014,2019,joe_harris,1610612751,Brooklyn,Nets,BKN,nets,Y,01
205,202699,"Harris, Tobias",Tobias Harris,1,2011,2019,tobias_harris,1610612755,Philadelphia,76ers,PHI,sixers,Y,00
206,1627885,"Harrison, Shaquille",Shaquille Harrison,1,2017,2019,shaquille_harrison,1610612741,Chicago,Bulls,CHI,bulls,Y,01
207,1628404,"Hart, Josh",Josh Hart,1,2017,2019,josh_hart,1610612740,New Orleans,Pelicans,NOP,pelicans,Y,01
208,1628392,"Hartenstein, Isaiah",Isaiah Hartenstein,1,2018,2019,isaiah_hartenstein,1610612745,Houston,Rockets,HOU,rockets,Y,01
209,2617,"Haslem, Udonis",Udonis Haslem,1,2003,2019,udonis_haslem,1610612748,Miami,Heat,MIA,heat,Y,00
210,1629637,"Hayes, Jaxson",Jaxson Hayes,1,2019,2019,jaxson_hayes,1610612740,New Orleans,Pelicans,NOP,pelicans,N,00
211,202330,"Hayward, Gordon",Gordon Hayward,1,2010,2019,gordon_hayward,1610612738,Boston,Celtics,BOS,celtics,Y,00
212,203089,"Henson, John",John Henson,1,2012,2019,john_henson,1610612739,Cleveland,Cavaliers,CLE,cavaliers,Y,00
213,1629608,"Hernandez, Dewan",Dewan Hernandez,1,2019,2019,dewan_hernandez,1610612761,Toronto,Raptors,TOR,raptors,N,00
214,1627823,"Hernangomez, Juancho",Juancho Hernangomez,1,2016,2019,juan_hernangomez,1610612743,Denver,Nuggets,DEN,nuggets,Y,01
215,1626195,"Hernangomez, Willy",Willy Hernangomez,1,2016,2019,willy_hernangomez,1610612766,Charlotte,Hornets,CHA,hornets,Y,00
216,1629639,"Herro, Tyler",Tyler Herro,1,2019,2019,tyler_herro,1610612748,Miami,Heat,MIA,heat,N,00
217,1626209,"Hezonja, Mario",Mario Hezonja,1,2015,2019,mario_hezonja,1610612757,Portland,Trail Blazers,POR,blazers,Y,00
218,1627741,"Hield, Buddy",Buddy Hield,1,2016,2019,buddy_hield,1610612758,Sacramento,Kings,SAC,kings,Y,00
219,1629759,"Hill, Ahmed",Ahmed Hill,1,2019,2019,ahmed_hill,1610612766,Charlotte,Hornets,CHA,hornets,N,00
220,201588,"Hill, George",George Hill,1,2008,2019,george_hill,1610612749,Milwaukee,Bucks,MIL,bucks,Y,00
221,203524,"Hill, Solomon",Solomon Hill,1,2013,2019,solomon_hill,1610612763,Memphis,Grizzlies,MEM,grizzlies,Y,01
222,1629658,"Hoard, Jaylen",Jaylen Hoard,1,2019,2019,jalen_hoard,1610612757,Portland,Trail Blazers,POR,blazers,N,00
223,1628988,"Holiday, Aaron",Aaron Holiday,1,2018,2019,aaron_holiday,1610612754,Indiana,Pacers,IND,pacers,Y,00
224,201950,"Holiday, Jrue",Jrue Holiday,1,2009,2019,jrue_holiday,1610612740,New Orleans,Pelicans,NOP,pelicans,Y,00
225,203200,"Holiday, Justin",Justin Holiday,1,2012,2019,justin_holiday,1610612754,Indiana,Pacers,IND,pacers,Y,01
226,1626178,"Hollis-Jefferson, Rondae",Rondae Hollis-Jefferson,1,2015,2019,rondae_hollis-jefferson,1610612761,Toronto,Raptors,TOR,raptors,Y,00
227,1626158,"Holmes, Richaun",Richaun Holmes,1,2015,2019,richaun_holmes,1610612758,Sacramento,Kings,SAC,kings,Y,01
228,203918,"Hood, Rodney",Rodney Hood,1,2014,2019,rodney_hood,1610612757,Portland,Trail Blazers,POR,blazers,Y,00
229,201143,"Horford, Al",Al Horford,1,2007,2019,al_horford,1610612755,Philadelphia,76ers,PHI,sixers,Y,00
230,1629659,"Horton-Tucker, Talen",Talen Horton-Tucker,1,2019,2019,talen_horton-tucker,1610612747,Los Angeles,Lakers,LAL,lakers,N,00
231,1627863,"House Jr., Danuel",Danuel House Jr.,1,2016,2019,danuel_house,1610612745,Houston,Rockets,HOU,rockets,Y,01
232,2730,"Howard, Dwight",Dwight Howard,1,2004,2019,dwight_howard,1610612747,Los Angeles,Lakers,LAL,lakers,Y,00
233,1629739,"Howard, William",William Howard,1,2019,2019,william_howard,1610612762,Utah,Jazz,UTA,jazz,N,00
234,1628989,"Huerter, Kevin",Kevin Huerter,1,2018,2019,kevin_huerter,1610612737,Atlanta,Hawks,ATL,hawks,Y,00
235,1629631,"Hunter, De'Andre",De'Andre Hunter,1,2019,2019,deandre_hunter,1610612737,Atlanta,Hawks,ATL,hawks,N,00
236,1628990,"Hutchison, Chandler",Chandler Hutchison,1,2018,2019,chandler_hutchison,1610612741,Chicago,Bulls,CHI,bulls,Y,00
237,201586,"Ibaka, Serge",Serge Ibaka,1,2009,2019,serge_ibaka,1610612761,Toronto,Raptors,TOR,raptors,Y,00
238,2738,"Iguodala, Andre",Andre Iguodala,1,2004,2019,andre_iguodala,1610612763,Memphis,Grizzlies,MEM,grizzlies,Y,00
239,101141,"Ilyasova, Ersan",Ersan Ilyasova,1,2006,2019,ersan_ilyasova,1610612749,Milwaukee,Bucks,MIL,bucks,Y,01
240,204060,"Ingles, Joe",Joe Ingles,1,2014,2019,joe_ingles,1610612762,Utah,Jazz,UTA,jazz,Y,00
241,1627742,"Ingram, Brandon",Brandon Ingram,1,2016,2019,brandon_ingram,1610612740,New Orleans,Pelicans,NOP,pelicans,Y,00
242,202681,"Irving, Kyrie",Kyrie Irving,1,2011,2019,kyrie_irving,1610612751,Brooklyn,Nets,BKN,nets,Y,00
243,1628371,"Isaac, Jonathan",Jonathan Isaac,1,2017,2019,jonathan_isaac,1610612753,Orlando,Magic,ORL,magic,Y,01
244,1628411,"Iwundu, Wes",Wes Iwundu,1,2017,2019,wes_iwundu,1610612753,Orlando,Magic,ORL,magic,Y,01
245,1627743,"Jackson, Demetrius",Demetrius Jackson,1,2016,2019,demetrius_jackson,1610612747,Los Angeles,Lakers,LAL,lakers,Y,01
246,1628402,"Jackson, Frank",Frank Jackson,1,2017,2019,frank_jackson,1610612740,New Orleans,Pelicans,NOP,pelicans,Y,01
247,1628367,"Jackson, Josh",Josh Jackson,1,2017,2019,josh_jackson,1610612763,Memphis,Grizzlies,MEM,grizzlies,Y,00
248,1628382,"Jackson, Justin",Justin Jackson,1,2017,2019,justin_jackson,1610612742,Dallas,Mavericks,DAL,mavericks,Y,01
249,202704,"Jackson, Reggie",Reggie Jackson,1,2011,2019,reggie_jackson,1610612765,Detroit,Pistons,DET,pistons,Y,01
250,1628991,"Jackson Jr., Jaren",Jaren Jackson Jr.,1,2018,2019,jaren_jackson_jr,1610612763,Memphis,Grizzlies,MEM,grizzlies,Y,00
251,1629713,"James, Justin",Justin James,1,2019,2019,justin_james,1610612758,Sacramento,Kings,SAC,kings,N,00
252,2544,"James, LeBron",LeBron James,1,2003,2019,lebron_james,1610612747,Los Angeles,Lakers,LAL,lakers,Y,00
253,1628518,"Jefferson, Amile",Amile Jefferson,1,2017,2019,amile_jefferson,1610612753,Orlando,Magic,ORL,magic,Y,01
254,1629610,"Jeffries, DaQuan",DaQuan Jeffries,1,2019,2019,daquan_jeffries,1610612753,Orlando,Magic,ORL,magic,N,00
255,1629660,"Jerome, Ty",Ty Jerome,1,2019,2019,ty_jerome,1610612756,Phoenix,Suns,PHX,suns,N,00
256,1628993,"Johnson, Alize",Alize Johnson,1,2018,2019,alize_johnson,1610612754,Indiana,Pacers,IND,pacers,Y,01
257,1629661,"Johnson, Cameron",Cameron Johnson,1,2019,2019,cameron_johnson,1610612756,Phoenix,Suns,PHX,suns,N,00
258,201949,"Johnson, James",James Johnson,1,2009,2019,james_johnson,1610612748,Miami,Heat,MIA,heat,Y,01
259,2207,"Johnson, Joe",Joe Johnson,1,2001,2019,joe_johnson,1610612765,Detroit,Pistons,DET,pistons,Y,00
260,1629640,"Johnson, Keldon",Keldon Johnson,1,2019,2019,keldon_johnson,1610612759,San Antonio,Spurs,SAS,spurs,N,00
261,1626169,"Johnson, Stanley",Stanley Johnson,1,2015,2019,stanley_johnson,1610612761,Toronto,Raptors,TOR,raptors,Y,01
262,204020,"Johnson, Tyler",Tyler Johnson,1,2014,2019,tyler_johnson,1610612756,Phoenix,Suns,PHX,suns,Y,01
263,203999,"Jokic, Nikola",Nikola Jokic,1,2015,2019,nikola_jokic,1610612743,Denver,Nuggets,DEN,nuggets,Y,00
264,1627745,"Jones, Damian",Damian Jones,1,2016,2019,damian_jones,1610612737,Atlanta,Hawks,ATL,hawks,Y,01
265,1629203,"Jones, Jemerrio",Jemerrio Jones,1,2018,2019,jemerrio_jones,1610612764,Washington,Wizards,WAS,wizards,Y,01
266,1626145,"Jones, Tyus",Tyus Jones,1,2015,2019,tyus_jones,1610612763,Memphis,Grizzlies,MEM,grizzlies,Y,01
267,1627884,"Jones Jr., Derrick",Derrick Jones Jr.,1,2016,2019,derrick_jones jr.,1610612748,Miami,Heat,MIA,heat,Y,01
268,201599,"Jordan, DeAndre",DeAndre Jordan,1,2008,2019,deandre_jordan,1610612751,Brooklyn,Nets,BKN,nets,Y,00
269,202709,"Joseph, Cory",Cory Joseph,1,2011,2019,cory_joseph,1610612758,Sacramento,Kings,SAC,kings,Y,01
270,1629662,"Kabengele, Mfiondu",Mfiondu Kabengele,1,2019,2019,mfiondu_kabengele,1610612746,LA,Clippers,LAC,clippers,N,00
271,1626163,"Kaminsky, Frank",Frank Kaminsky,1,2015,2019,frank_kaminsky,1610612756,Phoenix,Suns,PHX,suns,Y,00
272,202683,"Kanter, Enes",Enes Kanter,1,2011,2019,enes_kanter,1610612738,Boston,Celtics,BOS,celtics,Y,00
273,1628379,"Kennard, Luke",Luke Kennard,1,2017,2019,luke_kennard,1610612765,Detroit,Pistons,DET,pistons,Y,01
274,1629742,"Kidd, Stanton",Stanton Kidd,1,2019,2019,stanton_kidd,1610612762,Utah,Jazz,UTA,jazz,N,00
275,203077,"Kidd-Gilchrist, Michael",Michael Kidd-Gilchrist,1,2012,2019,michael_kidd-gilchrist,1610612766,Charlotte,Hornets,CHA,hornets,Y,00
276,1628467,"Kleber, Maxi",Maxi Kleber,1,2017,2019,maxi_kleber,1610612742,Dallas,Mavericks,DAL,mavericks,Y,00
277,202688,"Knight, Brandon",Brandon Knight,1,2011,2019,brandon_knight,1610612739,Cleveland,Cavaliers,CLE,cavaliers,Y,01
278,1628995,"Knox, Kevin",Kevin Knox,1,2018,2019,kevin_knox,1610612752,New York,Knicks,NYK,knicks,Y,00
279,1628996,"Konate, Sagaba",Sagaba Konate,1,2019,2019,sagaba_konate,1610612761,Toronto,Raptors,TOR,raptors,N,00
280,1629723,"Konchar, John",John Konchar,1,2019,2019,john_konchar,1610612763,Memphis,Grizzlies,MEM,grizzlies,N,00
281,1627788,"Korkmaz, Furkan",Furkan Korkmaz,1,2017,2019,furkan_korkmaz,1610612755,Philadelphia,76ers,PHI,sixers,Y,01
282,1628436,"Kornet, Luke",Luke Kornet,1,2017,2019,luke_kornet,1610612741,Chicago,Bulls,CHI,bulls,Y,01
283,2594,"Korver, Kyle",Kyle Korver,1,2003,2019,kyle_korver,1610612749,Milwaukee,Bucks,MIL,bucks,Y,00
284,1629746,"Koumadje, Christ",Christ Koumadje,1,2019,2019,christ_koumadje,1610612755,Philadelphia,76ers,PHI,sixers,N,00
285,1629066,"Kurucs, Rodions",Rodions Kurucs,1,2018,2019,rodions_kurucs,1610612751,Brooklyn,Nets,BKN,nets,Y,01
286,1628398,"Kuzma, Kyle",Kyle Kuzma,1,2017,2019,kyle_kuzma,1610612747,Los Angeles,Lakers,LAL,lakers,Y,00
287,203897,"LaVine, Zach",Zach LaVine,1,2014,2019,zach_lavine,1610612741,Chicago,Bulls,CHI,bulls,Y,00
288,1627746,"Labissiere, Skal",Skal Labissiere,1,2016,2019,skal_labissiere,1610612757,Portland,Trail Blazers,POR,blazers,Y,01
289,203087,"Lamb, Jeremy",Jeremy Lamb,1,2012,2019,jeremy_lamb,1610612754,Indiana,Pacers,IND,pacers,Y,01
290,1629641,"Langford, Romeo",Romeo Langford,1,2019,2019,romeo_langford,1610612738,Boston,Celtics,BOS,celtics,N,00
291,1629724,"Law, Vic",Vic Law,1,2019,2019,vic_law,1610612753,Orlando,Magic,ORL,magic,N,00
292,1627774,"Layman, Jake",Jake Layman,1,2016,2019,jake_layman,1610612750,Minnesota,Timberwolves,MIN,timberwolves,Y,01
293,1627747,"LeVert, Caris",Caris LeVert,1,2016,2019,caris_levert,1610612751,Brooklyn,Nets,BKN,nets,Y,00
294,1628388,"Leaf, TJ",TJ Leaf,1,2017,2019,tj_leaf,1610612754,Indiana,Pacers,IND,pacers,Y,01
295,1629665,"Lecque, Jalen",Jalen Lecque,1,2019,2019,jalen_lecque,1610612756,Phoenix,Suns,PHX,suns,N,00
296,201584,"Lee, Courtney",Courtney Lee,1,2008,2019,courtney_lee,1610612742,Dallas,Mavericks,DAL,mavericks,Y,01
297,1627814,"Lee, Damion",Damion Lee,1,2017,2019,damion_lee,1610612744,Golden State,Warriors,GSW,warriors,Y,01
298,203458,"Len, Alex",Alex Len,1,2013,2019,alex_len,1610612737,Atlanta,Hawks,ATL,hawks,Y,00
299,202695,"Leonard, Kawhi",Kawhi Leonard,1,2011,2019,kawhi_leonard,1610612746,LA,Clippers,LAC,clippers,Y,00
300,203086,"Leonard, Meyers",Meyers Leonard,1,2012,2019,meyers_leonard,1610612748,Miami,Heat,MIA,heat,Y,00
301,1628406,"Lessort, Mathias",Mathias Lessort,1,2019,2019,mathias_lessort,1610612746,LA,Clippers,LAC,clippers,N,00
302,203081,"Lillard, Damian",Damian Lillard,1,2012,2019,damian_lillard,1610612757,Portland,Trail Blazers,POR,blazers,Y,00
303,1629642,"Little, Nassir",Nassir Little,1,2019,2019,nassir_little,1610612757,Portland,Trail Blazers,POR,blazers,N,00
304,1626172,"Looney, Kevon",Kevon Looney,1,2015,2019,kevon_looney,1610612744,Golden State,Warriors,GSW,warriors,Y,01
305,201572,"Lopez, Brook",Brook Lopez,1,2008,2019,brook_lopez,1610612749,Milwaukee,Bucks,MIL,bucks,Y,00
306,201577,"Lopez, Robin",Robin Lopez,1,2008,2019,robin_lopez,1610612749,Milwaukee,Bucks,MIL,bucks,Y,00
307,201567,"Love, Kevin",Kevin Love,1,2008,2019,kevin_love,1610612739,Cleveland,Cavaliers,CLE,cavaliers,Y,00
308,200768,"Lowry, Kyle",Kyle Lowry,1,2006,2019,kyle_lowry,1610612761,Toronto,Raptors,TOR,raptors,Y,00
309,1628070,"Loyd, Jordan",Jordan Loyd,1,2018,2019,jordan_loyd,1610612761,Toronto,Raptors,TOR,raptors,Y,01
310,1628399,"Lydon, Tyler",Tyler Lydon,1,2017,2019,tyler_lydon,1610612758,Sacramento,Kings,SAC,kings,Y,01
311,1626168,"Lyles, Trey",Trey Lyles,1,2015,2019,trey_lyles,1610612759,San Antonio,Spurs,SAS,spurs,Y,00
312,203705,"Magette, Josh",Josh Magette,1,2017,2019,josh_magette,1610612753,Orlando,Magic,ORL,magic,Y,01
313,101133,"Mahinmi, Ian",Ian Mahinmi,1,2007,2019,ian_mahinmi,1610612764,Washington,Wizards,WAS,wizards,Y,01
314,1627748,"Maker, Thon",Thon Maker,1,2016,2019,thon_maker,1610612765,Detroit,Pistons,DET,pistons,Y,00
315,1629611,"Mann, Terance",Terance Mann,1,2019,2019,terance_mann,1610612746,LA,Clippers,LAC,clippers,N,00
316,1629079,"Marinkovic, Vanja",Vanja Marinkovic,1,2019,2019,vanja_marinkovic,1610612758,Sacramento,Kings,SAC,kings,N,00
317,1626246,"Marjanovic, Boban",Boban Marjanovic,1,2015,2019,boban_marjanovic,1610612742,Dallas,Mavericks,DAL,mavericks,Y,01
318,1628374,"Markkanen, Lauri",Lauri Markkanen,1,2017,2019,lauri_markkanen,1610612741,Chicago,Bulls,CHI,bulls,Y,00
319,1628997,"Martin, Caleb",Caleb Martin,1,2019,2019,caleb_martin,1610612766,Charlotte,Hornets,CHA,hornets,N,00
320,1628998,"Martin, Cody",Cody Martin,1,2019,2019,cody_martin,1610612766,Charlotte,Hornets,CHA,hornets,N,00
321,1629725,"Martin, Jeremiah",Jeremiah Martin,1,2019,2019,jeremiah_martin,1610612748,Miami,Heat,MIA,heat,N,00
322,1629103,"Martin, Kelan",Kelan Martin,1,2019,2019,kelan_martin,1610612750,Minnesota,Timberwolves,MIN,timberwolves,N,00
323,1628412,"Mason, Frank",Frank Mason,1,2017,2019,frank_mason,1610612749,Milwaukee,Bucks,MIL,bucks,Y,00
324,1629726,"Mathews, Garrison",Garrison Mathews,1,2019,2019,garrison_mathews,1610612764,Washington,Wizards,WAS,wizards,N,00
325,1629751,"Mathias, Dakota",Dakota Mathias,1,2019,2019,dakota_mathias,1610612742,Dallas,Mavericks,DAL,mavericks,N,00
326,202083,"Matthews, Wesley",Wesley Matthews,1,2009,2019,wesley_matthews,1610612749,Milwaukee,Bucks,MIL,bucks,Y,00
327,1627775,"McCaw, Patrick",Patrick McCaw,1,2016,2019,patrick_mccaw,1610612761,Toronto,Raptors,TOR,raptors,Y,01
328,203468,"McCollum, CJ",CJ McCollum,1,2013,2019,cj_mccollum,1610612757,Portland,Trail Blazers,POR,blazers,Y,01
329,204456,"McConnell, T.J.",T.J. McConnell,1,2015,2019,t.j._mcconnell,1610612754,Indiana,Pacers,IND,pacers,Y,00
330,1629667,"McDaniels, Jalen",Jalen McDaniels,1,2019,2019,jalen_mcdaniels,1610612766,Charlotte,Hornets,CHA,hornets,N,00
331,203926,"McDermott, Doug",Doug McDermott,1,2014,2019,doug_mcdermott,1610612754,Indiana,Pacers,IND,pacers,Y,00
332,1629727,"McDowell-White, William",William McDowell-White,1,2019,2019,william_mcdowell-white,1610612745,Houston,Rockets,HOU,rockets,N,00
333,201580,"McGee, JaVale",JaVale McGee,1,2008,2019,javale_mcgee,1610612747,Los Angeles,Lakers,LAL,lakers,Y,00
334,203585,"McGruder, Rodney",Rodney McGruder,1,2016,2019,rodney_mcgruder,1610612746,LA,Clippers,LAC,clippers,Y,01
335,1628035,"McKinnie, Alfonzo",Alfonzo McKinnie,1,2017,2019,alfonzo_mckinnie,1610612744,Golden State,Warriors,GSW,warriors,Y,01
336,1629162,"McLaughlin, Jordan",Jordan McLaughlin,1,2019,2019,jordan_mclaughlin,1610612750,Minnesota,Timberwolves,MIN,timberwolves,Y,01
337,203463,"McLemore, Ben",Ben McLemore,1,2013,2019,ben_mclemore,1610612745,Houston,Rockets,HOU,rockets,Y,01
338,203895,"McRae, Jordan",Jordan McRae,1,2015,2019,jordan_mcrae,1610612764,Washington,Wizards,WAS,wizards,Y,01
339,6006,"Melli, Nicolo",Nicolo Melli,1,2019,2019,nicolo_melli,1610612740,New Orleans,Pelicans,NOP,pelicans,Y,00
340,1629001,"Melton, De'Anthony",De'Anthony Melton,1,2018,2019,deanthony_melton,1610612763,Memphis,Grizzlies,MEM,grizzlies,Y,01
341,1629002,"Metu, Chimezie",Chimezie Metu,1,2018,2019,chimezie_metu,1610612759,San Antonio,Spurs,SAS,spurs,Y,01
342,203114,"Middleton, Khris",Khris Middleton,1,2012,2019,khris_middleton,1610612749,Milwaukee,Bucks,MIL,bucks,Y,01
343,1628450,"Mika, Eric",Eric Mika,1,2019,2019,eric_mika,1610612758,Sacramento,Kings,SAC,kings,N,00
344,101139,"Miles, CJ",CJ Miles,1,2005,2019,cj_miles,1610612764,Washington,Wizards,WAS,wizards,Y,01
345,1627776,"Miles, Isaiah",Isaiah Miles,1,2019,2019,isaiah_miles,1610612755,Philadelphia,76ers,PHI,sixers,N,00
346,203121,"Miller, Darius",Darius Miller,1,2012,2019,darius_miller,1610612740,New Orleans,Pelicans,NOP,pelicans,Y,01
347,1626259,"Miller, Malcolm",Malcolm Miller,1,2017,2019,malcolm_miller,1610612761,Toronto,Raptors,TOR,raptors,Y,01
348,201988,"Mills, Patty",Patty Mills,1,2009,2019,patty_mills,1610612759,San Antonio,Spurs,SAS,spurs,Y,01
349,200794,"Millsap, Paul",Paul Millsap,1,2006,2019,paul_millsap,1610612743,Denver,Nuggets,DEN,nuggets,Y,00
350,1629003,"Milton, Shake",Shake Milton,1,2018,2019,shake_milton,1610612755,Philadelphia,76ers,PHI,sixers,Y,01
351,1628378,"Mitchell, Donovan",Donovan Mitchell,1,2017,2019,donovan_mitchell,1610612762,Utah,Jazz,UTA,jazz,Y,00
352,1628513,"Mitrou-Long, Naz",Naz Mitrou-Long,1,2017,2019,naz_mitrou-long,1610612754,Indiana,Pacers,IND,pacers,Y,01
353,1629690,"Mokoka, Adam",Adam Mokoka,1,2019,2019,adam_mokoka,1610612741,Chicago,Bulls,CHI,bulls,N,00
354,1628370,"Monk, Malik",Malik Monk,1,2017,2019,malik_monk,1610612766,Charlotte,Hornets,CHA,hornets,Y,01
355,1629760,"Mooney, Matt",Matt Mooney,1,2019,2019,matt_mooney,1610612763,Memphis,Grizzlies,MEM,grizzlies,N,00
356,202734,"Moore, E'Twaun",E'Twaun Moore,1,2011,2019,e'twaun_moore,1610612740,New Orleans,Pelicans,NOP,pelicans,Y,00
357,1629630,"Morant, Ja",Ja Morant,1,2019,2019,ja_morant,1610612763,Memphis,Grizzlies,MEM,grizzlies,N,00
358,202694,"Morris, Marcus",Marcus Morris,1,2011,2019,marcus_morris,1610612752,New York,Knicks,NYK,knicks,Y,01
359,202693,"Morris, Markieff",Markieff Morris,1,2011,2019,markieff_morris,1610612765,Detroit,Pistons,DET,pistons,Y,00
360,1628420,"Morris, Monte",Monte Morris,1,2017,2019,monte_morris,1610612743,Denver,Nuggets,DEN,nuggets,Y,01
361,1628405,"Motley, Johnathan",Johnathan Motley,1,2017,2019,johnathan_motley,1610612746,LA,Clippers,LAC,clippers,Y,01
362,1626144,"Mudiay, Emmanuel",Emmanuel Mudiay,1,2015,2019,emmanuel_mudiay,1610612762,Utah,Jazz,UTA,jazz,Y,00
363,1628539,"Mulder, Mychal",Mychal Mulder,1,2019,2019,mychal_mulder,1610612748,Miami,Heat,MIA,heat,N,01
364,1629818,"Murphy, Jordan",Jordan Murphy,1,2019,2019,jordan_murphy,1610612750,Minnesota,Timberwolves,MIN,timberwolves,N,00
365,1627749,"Murray, Dejounte",Dejounte Murray,1,2016,2019,dejounte_murray,1610612759,San Antonio,Spurs,SAS,spurs,Y,01
366,1627750,"Murray, Jamal",Jamal Murray,1,2016,2019,jamal_murray,1610612743,Denver,Nuggets,DEN,nuggets,Y,00
367,1629058,"Musa, Dzanan",Dzanan Musa,1,2018,2019,dzanan_musa,1610612751,Brooklyn,Nets,BKN,nets,Y,01
368,203488,"Muscala, Mike",Mike Muscala,1,2013,2019,mike_muscala,1610612760,Oklahoma City,Thunder,OKC,thunder,Y,01
369,1629004,"Mykhailiuk, Svi",Svi Mykhailiuk,1,2018,2019,sviatoslav_mykhailiuk,1610612765,Detroit,Pistons,DET,pistons,Y,01
370,1627846,"Nader, Abdel",Abdel Nader,1,2017,2019,abdel_nader,1610612760,Oklahoma City,Thunder,OKC,thunder,Y,01
371,1626204,"Nance Jr., Larry",Larry Nance Jr.,1,2015,2019,larry_nance jr.,1610612739,Cleveland,Cavaliers,CLE,cavaliers,Y,00
372,203894,"Napier, Shabazz",Shabazz Napier,1,2014,2019,shabazz_napier,1610612750,Minnesota,Timberwolves,MIN,timberwolves,Y,01
373,203526,"Neto, Raul",Raul Neto,1,2015,2019,raul_neto,1610612755,Philadelphia,76ers,PHI,sixers,Y,01
374,1627777,"Niang, Georges",Georges Niang,1,2016,2019,georges_niang,1610612762,Utah,Jazz,UTA,jazz,Y,01
375,203457,"Noel, Nerlens",Nerlens Noel,1,2013,2019,nerlens_noel,1610612760,Oklahoma City,Thunder,OKC,thunder,Y,00
376,1629668,"Norvell Jr., Zach",Zach Norvell Jr.,1,2019,2019,zach_norvell_jr,1610612747,Los Angeles,Lakers,LAL,lakers,N,00
377,1629669,"Nowell, Jaylen",Jaylen Nowell,1,2019,2019,jaylen_nowell,1610612750,Minnesota,Timberwolves,MIN,timberwolves,N,00
378,1628373,"Ntilikina, Frank",Frank Ntilikina,1,2017,2019,frank_ntilikina,1610612752,New York,Knicks,NYK,knicks,Y,00
379,1629134,"Nunn, Kendrick",Kendrick Nunn,1,2018,2019,kendrick_nunn,1610612748,Miami,Heat,MIA,heat,Y,01
380,203994,"Nurkic, Jusuf",Jusuf Nurkic,1,2014,2019,jusuf_nurkic,1610612757,Portland,Trail Blazers,POR,blazers,Y,00
381,1628021,"Nwaba, David",David Nwaba,1,2016,2019,david_nwaba,1610612751,Brooklyn,Nets,BKN,nets,Y,01
382,1626220,"O'Neale, Royce",Royce O'Neale,1,2017,2019,royce_o'neale,1610612762,Utah,Jazz,UTA,jazz,Y,01
383,203124,"O'Quinn, Kyle",Kyle O'Quinn,1,2012,2019,kyle_o'quinn,1610612755,Philadelphia,76ers,PHI,sixers,Y,00
384,1628400,"Ojeleye, Semi",Semi Ojeleye,1,2017,2019,semi_ojeleye,1610612738,Boston,Celtics,BOS,celtics,Y,00
385,1626143,"Okafor, Jahlil",Jahlil Okafor,1,2015,2019,jahlil_okafor,1610612740,New Orleans,Pelicans,NOP,pelicans,Y,00
386,1629643,"Okeke, Chuma",Chuma Okeke,1,2019,2019,chuma_okeke,1610612753,Orlando,Magic,ORL,magic,N,00
387,1629059,"Okobo, Elie",Elie Okobo,1,2018,2019,elie_okobo,1610612756,Phoenix,Suns,PHX,suns,Y,01
388,1629006,"Okogie, Josh",Josh Okogie,1,2018,2019,josh_okogie,1610612750,Minnesota,Timberwolves,MIN,timberwolves,Y,00
389,1629644,"Okpala, KZ",KZ Okpala,1,2019,2019,kz_okpala,1610612748,Miami,Heat,MIA,heat,N,00
390,203506,"Oladipo, Victor",Victor Oladipo,1,2013,2019,victor_oladipo,1610612754,Indiana,Pacers,IND,pacers,Y,00
391,203482,"Olynyk, Kelly",Kelly Olynyk,1,2013,2019,kelly_olynyk,1610612748,Miami,Heat,MIA,heat,Y,00
392,1629671,"Oni, Miye",Miye Oni,1,2019,2019,miye_oni,1610612762,Utah,Jazz,UTA,jazz,N,00
393,1626224,"Osman, Cedi",Cedi Osman,1,2017,2019,cedi_osman,1610612739,Cleveland,Cavaliers,CLE,cavaliers,Y,01
394,1626162,"Oubre Jr., Kelly",Kelly Oubre Jr.,1,2015,2019,kelly_oubre jr.,1610612756,Phoenix,Suns,PHX,suns,Y,00
395,203953,"Parker, Jabari",Jabari Parker,1,2014,2019,jabari_parker,1610612737,Atlanta,Hawks,ATL,hawks,Y,00
396,202718,"Parsons, Chandler",Chandler Parsons,1,2011,2019,chandler_parsons,1610612737,Atlanta,Hawks,ATL,hawks,Y,00
397,1629672,"Paschall, Eric",Eric Paschall,1,2019,2019,eric_paschall,1610612744,Golden State,Warriors,GSW,warriors,N,00
398,202335,"Patterson, Patrick",Patrick Patterson,1,2010,2019,patrick_patterson,1610612746,LA,Clippers,LAC,clippers,Y,01
399,1628383,"Patton, Justin",Justin Patton,1,2017,2019,justin_patton,1610612760,Oklahoma City,Thunder,OKC,thunder,Y,01
400,101108,"Paul, Chris",Chris Paul,1,2005,2019,chris_paul,1610612760,Oklahoma City,Thunder,OKC,thunder,Y,00
401,1626166,"Payne, Cameron",Cameron Payne,1,2015,2019,cameron_payne,1610612761,Toronto,Raptors,TOR,raptors,Y,01
402,203901,"Payton, Elfrid",Elfrid Payton,1,2014,2019,elfrid_payton,1610612752,New York,Knicks,NYK,knicks,Y,00
403,203658,"Pelle, Norvel",Norvel Pelle,1,2019,2019,norvel_pelle,1610612755,Philadelphia,76ers,PHI,sixers,N,01
404,1629616,"Perkins, Josh",Josh Perkins,1,2019,2019,josh_perkins,1610612766,Charlotte,Hornets,CHA,hornets,N,00
405,1628506,"Perrantes, London",London Perrantes,1,2017,2019,london_perrantes,1610612757,Portland,Trail Blazers,POR,blazers,Y,01
406,1629341,"Phillip, Tarik",Tarik Phillip,1,2018,2019,tarik_phillip,1610612764,Washington,Wizards,WAS,wizards,N,01
407,1629753,"Pineiro, Isaiah",Isaiah Pineiro,1,2019,2019,isaiah_pineiro,1610612758,Sacramento,Kings,SAC,kings,N,00
408,1629033,"Pinson, Theo",Theo Pinson,1,2018,2019,theo_pinson,1610612751,Brooklyn,Nets,BKN,nets,Y,01
409,203486,"Plumlee, Mason",Mason Plumlee,1,2013,2019,mason_plumlee,1610612743,Denver,Nuggets,DEN,nuggets,Y,00
410,203101,"Plumlee, Miles",Miles Plumlee,1,2012,2019,miles_plumlee,1610612763,Memphis,Grizzlies,MEM,grizzlies,Y,01
411,1627751,"Poeltl, Jakob",Jakob Poeltl,1,2016,2019,jakob_poeltl,1610612759,San Antonio,Spurs,SAS,spurs,Y,01
412,1629738,"Poirier, Vincent",Vincent Poirier,1,2019,2019,vincent_poirier,1610612738,Boston,Celtics,BOS,celtics,N,00
413,1629044,"Ponds, Shamorie",Shamorie Ponds,1,2019,2019,shamorie_ponds,1610612745,Houston,Rockets,HOU,rockets,N,00
414,1629673,"Poole, Jordan",Jordan Poole,1,2019,2019,jordan_poole,1610612744,Golden State,Warriors,GSW,warriors,N,00
415,1629645,"Porter Jr., Kevin",Kevin Porter Jr.,1,2019,2019,kevin_porter_jr,1610612739,Cleveland,Cavaliers,CLE,cavaliers,N,00
416,1629008,"Porter Jr., Michael",Michael Porter Jr.,1,2018,2019,michael_porter_jr,1610612743,Denver,Nuggets,DEN,nuggets,Y,00
417,203490,"Porter Jr., Otto",Otto Porter Jr.,1,2013,2019,otto_porter jr.,1610612741,Chicago,Bulls,CHI,bulls,Y,00
418,1626171,"Portis, Bobby",Bobby Portis,1,2015,2019,bobby_portis,1610612752,New York,Knicks,NYK,knicks,Y,01
419,204001,"Porzingis, Kristaps",Kristaps Porzingis,1,2015,2019,kristaps_porzingis,1610612742,Dallas,Mavericks,DAL,mavericks,Y,00
420,203939,"Powell, Dwight",Dwight Powell,1,2014,2019,dwight_powell,1610612742,Dallas,Mavericks,DAL,mavericks,Y,01
421,1626181,"Powell, Norman",Norman Powell,1,2015,2019,norman_powell,1610612761,Toronto,Raptors,TOR,raptors,Y,01
422,1627752,"Prince, Taurean",Taurean Prince,1,2016,2019,taurean_prince,1610612751,Brooklyn,Nets,BKN,nets,Y,01
423,1628397,"Rabb, Ivan",Ivan Rabb,1,2017,2019,ivan_rabb,1610612763,Memphis,Grizzlies,MEM,grizzlies,Y,01
424,203944,"Randle, Julius",Julius Randle,1,2014,2019,julius_randle,1610612752,New York,Knicks,NYK,knicks,Y,00
425,1629729,"Reaves, Josh",Josh Reaves,1,2019,2019,josh_reaves,1610612742,Dallas,Mavericks,DAL,mavericks,N,00
426,1629629,"Reddish, Cameron",Cameron Reddish,1,2019,2019,cameron_reddish,1610612737,Atlanta,Hawks,ATL,hawks,N,00
427,200755,"Redick, JJ",JJ Redick,1,2006,2019,jj_redick,1610612740,New Orleans,Pelicans,NOP,pelicans,Y,00
428,1628432,"Reed, Davon",Davon Reed,1,2017,2019,davon_reed,1610612748,Miami,Heat,MIA,heat,Y,01
429,1629244,"Reynolds, Cameron",Cameron Reynolds,1,2018,2019,cameron_reynolds,1610612749,Milwaukee,Bucks,MIL,bucks,Y,01
430,1626196,"Richardson, Josh",Josh Richardson,1,2015,2019,josh_richardson,1610612755,Philadelphia,76ers,PHI,sixers,Y,01
431,203085,"Rivers, Austin",Austin Rivers,1,2012,2019,austin_rivers,1610612745,Houston,Rockets,HOU,rockets,Y,00
432,203460,"Roberson, Andre",Andre Roberson,1,2013,2019,andre_roberson,1610612760,Oklahoma City,Thunder,OKC,thunder,Y,01
433,1628421,"Robinson, Devin",Devin Robinson,1,2017,2019,devin_robinson,1610612761,Toronto,Raptors,TOR,raptors,Y,01
434,1629130,"Robinson, Duncan",Duncan Robinson,1,2018,2019,duncan_robinson,1610612748,Miami,Heat,MIA,heat,Y,01
435,1629010,"Robinson, Jerome",Jerome Robinson,1,2018,2019,jerome_robinson,1610612746,LA,Clippers,LAC,clippers,Y,01
436,1629620,"Robinson, Justin",Justin Robinson,1,2019,2019,justin_robinson,1610612764,Washington,Wizards,WAS,wizards,N,00
437,1629011,"Robinson, Mitchell",Mitchell Robinson,1,2018,2019,mitchell_robinson,1610612752,New York,Knicks,NYK,knicks,Y,00
438,203922,"Robinson III, Glenn",Glenn Robinson III,1,2014,2019,glenn_robinson iii,1610612744,Golden State,Warriors,GSW,warriors,Y,01
439,1629676,"Roby, Isaiah",Isaiah Roby,1,2019,2019,roby_isaiah,1610612742,Dallas,Mavericks,DAL,mavericks,N,00
440,200765,"Rondo, Rajon",Rajon Rondo,1,2006,2019,rajon_rondo,1610612747,Los Angeles,Lakers,LAL,lakers,Y,00
441,201565,"Rose, Derrick",Derrick Rose,1,2008,2019,derrick_rose,1610612765,Detroit,Pistons,DET,pistons,Y,00
442,203082,"Ross, Terrence",Terrence Ross,1,2012,2019,terrence_ross,1610612753,Orlando,Magic,ORL,magic,Y,00
443,1626179,"Rozier, Terry",Terry Rozier,1,2015,2019,terry_rozier,1610612766,Charlotte,Hornets,CHA,hornets,Y,01
444,201937,"Rubio, Ricky",Ricky Rubio,1,2011,2019,ricky_rubio,1610612756,Phoenix,Suns,PHX,suns,Y,00
445,1626156,"Russell, D'Angelo",D'Angelo Russell,1,2015,2019,d'angelo_russell,1610612744,Golden State,Warriors,GSW,warriors,Y,00
446,1627734,"Sabonis, Domantas",Domantas Sabonis,1,2016,2019,domantas_sabonis,1610612754,Indiana,Pacers,IND,pacers,Y,00
447,1629677,"Samanic, Luka",Luka Samanic,1,2019,2019,luka_samanic,1610612759,San Antonio,Spurs,SAS,spurs,N,00
448,1629102,"Sampson, Brandon",Brandon Sampson,1,2018,2019,brandon_sampson,1610612741,Chicago,Bulls,CHI,bulls,Y,01
449,203960,"Sampson, JaKarr",JaKarr Sampson,1,2014,2019,jakarr_sampson,1610612754,Indiana,Pacers,IND,pacers,Y,01
450,203967,"Saric, Dario",Dario Saric,1,2016,2019,dario_saric,1610612756,Phoenix,Suns,PHX,suns,Y,00
451,203107,"Satoransky, Tomas",Tomas Satoransky,1,2016,2019,tomas_satoransky,1610612741,Chicago,Bulls,CHI,bulls,Y,00
452,1629678,"Schofield, Admiral",Admiral Schofield,1,2019,2019,admiral_schofield,1610612764,Washington,Wizards,WAS,wizards,N,00
453,203471,"Schroder, Dennis",Dennis Schroder,1,2013,2019,dennis_schroder,1610612760,Oklahoma City,Thunder,OKC,thunder,Y,01
454,203118,"Scott, Mike",Mike Scott,1,2012,2019,mike_scott,1610612755,Philadelphia,76ers,PHI,sixers,Y,01
455,1629012,"Sexton, Collin",Collin Sexton,1,2018,2019,collin_sexton,1610612739,Cleveland,Cavaliers,CLE,cavaliers,Y,00
456,1629013,"Shamet, Landry",Landry Shamet,1,2018,2019,landry_shamet,1610612746,LA,Clippers,LAC,clippers,Y,00
457,1629621,"Shayok, Marial",Marial Shayok,1,2019,2019,marial_shayok,1610612755,Philadelphia,76ers,PHI,sixers,N,00
458,1627783,"Siakam, Pascal",Pascal Siakam,1,2016,2019,pascal_siakam,1610612761,Toronto,Raptors,TOR,raptors,Y,01
459,1629735,"Silva, Chris",Chris Silva,1,2019,2019,chris_silva,1610612748,Miami,Heat,MIA,heat,N,00
460,1627732,"Simmons, Ben",Ben Simmons,1,2016,2019,ben_simmons,1610612755,Philadelphia,76ers,PHI,sixers,Y,00
461,1629014,"Simons, Anfernee",Anfernee Simons,1,2018,2019,anfernee_simons,1610612757,Portland,Trail Blazers,POR,blazers,Y,01
462,1629686,"Sirvydis, Deividas",Deividas Sirvydis,1,2019,2019,deividas_sirvydis,1610612765,Detroit,Pistons,DET,pistons,N,00
463,1629346,"Smailagic, Alen",Alen Smailagic,1,2019,2019,alen_smailagic,1610612744,Golden State,Warriors,GSW,warriors,N,01
464,203935,"Smart, Marcus",Marcus Smart,1,2014,2019,marcus_smart,1610612738,Boston,Celtics,BOS,celtics,Y,01
465,202397,"Smith, Ish",Ish Smith,1,2010,2019,ish_smith,1610612764,Washington,Wizards,WAS,wizards,Y,01
466,1629015,"Smith, Zhaire",Zhaire Smith,1,2018,2019,zhaire_smith,1610612755,Philadelphia,76ers,PHI,sixers,Y,01
467,1628372,"Smith Jr., Dennis",Dennis Smith Jr.,1,2017,2019,dennis_smith jr.,1610612752,New York,Knicks,NYK,knicks,Y,00
468,203503,"Snell, Tony",Tony Snell,1,2013,2019,tony_snell,1610612765,Detroit,Pistons,DET,pistons,Y,00
469,1629034,"Spalding, Ray",Ray Spalding,1,2018,2019,ray_spalding,1610612737,Atlanta,Hawks,ATL,hawks,Y,01
470,1629016,"Spellman, Omari",Omari Spellman,1,2018,2019,omari_spellman,1610612744,Golden State,Warriors,GSW,warriors,Y,01
471,1629622,"Strus, Max",Max Strus,1,2019,2019,max_strus,1610612738,Boston,Celtics,BOS,celtics,N,00
472,1628410,"Sumner, Edmond",Edmond Sumner,1,2017,2019,edmond_sumner,1610612754,Indiana,Pacers,IND,pacers,Y,01
473,1628403,"Swanigan, Caleb",Caleb Swanigan,1,2017,2019,caleb_swanigan,1610612758,Sacramento,Kings,SAC,kings,Y,01
474,1628369,"Tatum, Jayson",Jayson Tatum,1,2017,2019,jayson_tatum,1610612738,Boston,Celtics,BOS,celtics,Y,00
475,1627819,"Taylor, Isaiah",Isaiah Taylor,1,2016,2019,isaiah_taylor,1610612761,Toronto,Raptors,TOR,raptors,Y,01
476,201952,"Teague, Jeff",Jeff Teague,1,2009,2019,jeff_teague,1610612750,Minnesota,Timberwolves,MIN,timberwolves,Y,00
477,202066,"Temple, Garrett",Garrett Temple,1,2009,2019,garrett_temple,1610612751,Brooklyn,Nets,BKN,nets,Y,01
478,1628464,"Theis, Daniel",Daniel Theis,1,2017,2019,daniel_theis,1610612738,Boston,Celtics,BOS,celtics,Y,00
479,202738,"Thomas, Isaiah",Isaiah Thomas,1,2011,2019,isaiah_thomas,1610612764,Washington,Wizards,WAS,wizards,Y,00
480,1629017,"Thomas, Khyri",Khyri Thomas,1,2018,2019,khyri_thomas,1610612765,Detroit,Pistons,DET,pistons,Y,01
481,1629744,"Thomas, Matt",Matt Thomas,1,2019,2019,matt_thomas,1610612761,Toronto,Raptors,TOR,raptors,N,00
482,202691,"Thompson, Klay",Klay Thompson,1,2011,2019,klay_thompson,1610612744,Golden State,Warriors,GSW,warriors,Y,00
483,202684,"Thompson, Tristan",Tristan Thompson,1,2011,2019,tristan_thompson,1610612739,Cleveland,Cavaliers,CLE,cavaliers,Y,00
484,1629680,"Thybulle, Matisse",Matisse Thybulle,1,2019,2019,matisse_thybulle,1610612755,Philadelphia,76ers,PHI,sixers,N,00
485,201229,"Tolliver, Anthony",Anthony Tolliver,1,2008,2019,anthony_tolliver,1610612757,Portland,Trail Blazers,POR,blazers,Y,01
486,1626157,"Towns, Karl-Anthony",Karl-Anthony Towns,1,2015,2019,karl-anthony_towns,1610612750,Minnesota,Timberwolves,MIN,timberwolves,Y,00
487,1629018,"Trent Jr., Gary",Gary Trent Jr.,1,2018,2019,tmp_gary_trent,1610612757,Portland,Trail Blazers,POR,blazers,Y,01
488,1629019,"Trier, Allonzo",Allonzo Trier,1,2018,2019,allonzo_trier,1610612752,New York,Knicks,NYK,knicks,Y,00
489,200782,"Tucker, PJ",PJ Tucker,1,2006,2019,pj_tucker,1610612745,Houston,Rockets,HOU,rockets,Y,01
490,202323,"Turner, Evan",Evan Turner,1,2010,2019,evan_turner,1610612737,Atlanta,Hawks,ATL,hawks,Y,00
491,1626167,"Turner, Myles",Myles Turner,1,2015,2019,myles_turner,1610612754,Indiana,Pacers,IND,pacers,Y,00
492,202685,"Valanciunas, Jonas",Jonas Valanciunas,1,2012,2019,jonas_valanciunas,1610612763,Memphis,Grizzlies,MEM,grizzlies,Y,00
493,1627756,"Valentine, Denzel",Denzel Valentine,1,2016,2019,denzel_valentine,1610612741,Chicago,Bulls,CHI,bulls,Y,01
494,1627832,"VanVleet, Fred",Fred VanVleet,1,2016,2019,fred_vanvleet,1610612761,Toronto,Raptors,TOR,raptors,Y,01
495,1629020,"Vanderbilt, Jarred",Jarred Vanderbilt,1,2018,2019,jarred_vanderbilt,1610612743,Denver,Nuggets,DEN,nuggets,Y,01
496,203943,"Vonleh, Noah",Noah Vonleh,1,2014,2019,noah_vonleh,1610612750,Minnesota,Timberwolves,MIN,timberwolves,Y,01
497,202696,"Vucevic, Nikola",Nikola Vucevic,1,2011,2019,nikola_vucevic,1610612753,Orlando,Magic,ORL,magic,Y,00
498,1629731,"Wade, Dean",Dean Wade,1,2019,2019,dean_wade,1610612739,Cleveland,Cavaliers,CLE,cavaliers,N,00
499,1629021,"Wagner, Moritz",Moritz Wagner,1,2018,2019,moritz_wagner,1610612764,Washington,Wizards,WAS,wizards,Y,01
500,203079,"Waiters, Dion",Dion Waiters,1,2012,2019,dion_waiters,1610612748,Miami,Heat,MIA,heat,Y,00
501,202689,"Walker, Kemba",Kemba Walker,1,2011,2019,kemba_walker,1610612738,Boston,Celtics,BOS,celtics,Y,00
502,1629022,"Walker IV, Lonnie",Lonnie Walker IV,1,2018,2019,lonnie_walker,1610612759,San Antonio,Spurs,SAS,spurs,Y,01
503,202322,"Wall, John",John Wall,1,2010,2019,john_wall,1610612764,Washington,Wizards,WAS,wizards,Y,00
504,1627820,"Wallace, Tyrone",Tyrone Wallace,1,2017,2019,tyrone_wallace,1610612750,Minnesota,Timberwolves,MIN,timberwolves,Y,01
505,202954,"Wanamaker, Brad",Brad Wanamaker,1,2018,2019,brad_wanamaker,1610612738,Boston,Celtics,BOS,celtics,Y,01
506,203933,"Warren, T.J.",T.J. Warren,1,2014,2019,tj_warren,1610612754,Indiana,Pacers,IND,pacers,Y,01
507,1629023,"Washington, P.J.",P.J. Washington,1,2019,2019,pj_washington,1610612766,Charlotte,Hornets,CHA,hornets,N,00
508,1629139,"Watanabe, Yuta",Yuta Watanabe,1,2018,2019,yuta_watanabe,1610612763,Memphis,Grizzlies,MEM,grizzlies,Y,01
509,1629682,"Waters, Tremont",Tremont Waters,1,2019,2019,tremont_waters,1610612738,Boston,Celtics,BOS,celtics,N,00
510,1629683,"Weatherspoon, Quinndary",Quinndary Weatherspoon,1,2019,2019,quinndary_weatherspoon,1610612759,San Antonio,Spurs,SAS,spurs,N,00
511,1629118,"Welsh, Thomas",Thomas Welsh,1,2018,2019,thomas_welsh,1610612766,Charlotte,Hornets,CHA,hornets,Y,01
512,201566,"Westbrook, Russell",Russell Westbrook,1,2008,2019,russell_westbrook,1610612745,Houston,Rockets,HOU,rockets,Y,00
513,1629632,"White, Coby",Coby White,1,2019,2019,coby_white,1610612741,Chicago,Bulls,CHI,bulls,N,00
514,1628401,"White, Derrick",Derrick White,1,2017,2019,derrick_white,1610612759,San Antonio,Spurs,SAS,spurs,Y,01
515,202355,"Whiteside, Hassan",Hassan Whiteside,1,2010,2019,hassan_whiteside,1610612757,Portland,Trail Blazers,POR,blazers,Y,01
516,203952,"Wiggins, Andrew",Andrew Wiggins,1,2014,2019,andrew_wiggins,1610612750,Minnesota,Timberwolves,MIN,timberwolves,Y,00
517,1629623,"Wigginton, Lindell",Lindell Wigginton,1,2019,2019,lindell_wigginton,1610612750,Minnesota,Timberwolves,MIN,timberwolves,N,00
518,203912,"Wilcox, CJ",CJ Wilcox,1,2014,2019,cj_wilcox,1610612754,Indiana,Pacers,IND,pacers,Y,01
519,1629684,"Williams, Grant",Grant Williams,1,2019,2019,grant_williams,1610612738,Boston,Celtics,BOS,celtics,N,00
520,1629026,"Williams, Kenrich",Kenrich Williams,1,2018,2019,kenrich_williams,1610612740,New Orleans,Pelicans,NOP,pelicans,Y,01
521,101150,"Williams, Lou",Lou Williams,1,2005,2019,lou_williams,1610612746,LA,Clippers,LAC,clippers,Y,01
522,101107,"Williams, Marvin",Marvin Williams,1,2005,2019,marvin_williams,1610612766,Charlotte,Hornets,CHA,hornets,Y,00
523,1629057,"Williams III, Robert",Robert Williams III,1,2018,2019,robert_williams,1610612738,Boston,Celtics,BOS,celtics,Y,01
524,1628430,"Williams-Goss, Nigel",Nigel Williams-Goss,1,2019,2019,nigel_williams-goss,1610612762,Utah,Jazz,UTA,jazz,N,00
525,1629627,"Williamson, Zion",Zion Williamson,1,2019,2019,zion_williamson,1610612740,New Orleans,Pelicans,NOP,pelicans,N,00
526,1628391,"Wilson, D.J.",D.J. Wilson,1,2017,2019,d.j._wilson,1610612749,Milwaukee,Bucks,MIL,bucks,Y,01
527,1629685,"Windler, Dylan",Dylan Windler,1,2019,2019,dylan_windler,1610612739,Cleveland,Cavaliers,CLE,cavaliers,N,00
528,1626159,"Winslow, Justise",Justise Winslow,1,2015,2019,justise_winslow,1610612748,Miami,Heat,MIA,heat,Y,00
529,1626174,"Wood, Christian",Christian Wood,1,2015,2019,christian_wood,1610612765,Detroit,Pistons,DET,pistons,Y,01
530,1626153,"Wright, Delon",Delon Wright,1,2015,2019,delon_wright,1610612742,Dallas,Mavericks,DAL,mavericks,Y,01
531,1629625,"Wright-Foreman, Justin",Justin Wright-Foreman,1,2019,2019,justin_wright-foreman,1610612762,Utah,Jazz,UTA,jazz,N,00
532,201152,"Young, Thaddeus",Thaddeus Young,1,2007,2019,thaddeus_young,1610612741,Chicago,Bulls,CHI,bulls,Y,00
533,1629027,"Young, Trae",Trae Young,1,2018,2019,trae_young,1610612737,Atlanta,Hawks,ATL,hawks,Y,00
534,203469,"Zeller, Cody",Cody Zeller,1,2013,2019,cody_zeller,1610612766,Charlotte,Hornets,CHA,hornets,Y,00
535,1627790,"Zizic, Ante",Ante Zizic,1,2017,2019,ante_zizic,1610612739,Cleveland,Cavaliers,CLE,cavaliers,Y,01
536,1627826,"Zubac, Ivica",Ivica Zubac,1,2016,2019,ivica_zubac,1610612746,LA,Clippers,LAC,clippers,Y,01
